n_samples,n_features,torch,np,diff_max,diff_mean,diff_std,diff_norm
1000,1000,4.472019652836025,28.941628637723625,9.233791509188904e-10,5.429429571414098e-11,4.9557235738141794e-11,7.351047653974462e-08
10000,1000,7.78597472794354,26.06995900720358,2.2690278100867545e-08,3.0219321761944794e-09,2.298259238078909e-09,1.200586090329832e-05
100000,1000,22.55469811335206,73.98959397152066,5.1755490948490745e-08,6.411471530730331e-09,4.869320976285173e-09,8.050916342843066e-05
1000,10,0.1412225468084216,0.024388741701841354,8.483325153463284e-12,8.8795946715306e-13,9.992627782767935e-13,1.3367864883204805e-10
1000,100,0.29871405754238367,8.389550510793924,1.9803724216060914e-09,2.5210140272356524e-10,1.9867765512044854e-10,1.0150267380682593e-07
